trip_id,route_id,scheduled_departure,scheduled_arrival,actual_departure,actual_arrival,delay_sec,weather_condition,time_slot
1,1,06:00:00,06:50:00,06:07:00,06:57:00,420,Fog,Morning
2,1,06:12:00,07:05:00,06:21:00,07:14:00,540,Clear,Morning
3,1,06:24:00,07:18:00,06:32:00,07:26:00,480,Rain,Morning
4,1,06:36:00,07:32:00,06:37:00,07:33:00,60,Cloudy,Morning
5,1,06:46:00,07:43:00,06:51:00,07:48:00,300,Clear,Morning
6,2,06:05:00,07:26:00,06:12:00,07:33:00,420,Fog,Morning
7,2,06:17:00,07:41:00,06:20:00,07:44:00,180,Fog,Morning
8,2,06:29:00,07:55:00,06:32:00,07:58:00,180,Fog,Morning
9,2,06:51:00,08:19:00,06:57:00,08:25:00,360,Clear,Morning
10,2,07:51:00,09:22:00,08:01:00,09:32:00,600,Cloudy,Morning
11,3,05:58:00,06:44:00,06:06:00,06:52:00,480,Fog,Late Night
12,3,06:09:00,06:55:00,06:18:00,07:04:00,540,Cloudy,Morning
13,3,06:49:00,07:37:00,06:56:00,07:44:00,420,Fog,Morning
14,3,07:08:00,07:56:00,07:10:00,07:58:00,120,Fog,Morning
15,3,07:41:00,08:30:00,07:47:00,08:36:00,360,Cloudy,Morning
16,4,15:20:00,16:05:00,15:29:00,16:14:00,540,Cloudy,Afternoon
17,4,16:00:00,16:45:00,16:10:00,16:55:00,600,Cloudy,Afternoon
18,5,06:00:00,06:43:00,06:10:00,06:53:00,600,Clear,Morning
19,5,06:08:00,06:51:00,06:09:00,06:52:00,60,Clear,Morning
20,5,06:24:00,07:07:00,06:29:00,07:12:00,300,Cloudy,Morning
21,5,06:30:00,07:13:00,06:37:00,07:20:00,420,Rain,Morning
22,5,06:43:00,07:26:00,06:46:00,07:29:00,180,Clear,Morning
23,6,10:39:00,11:19:00,10:42:00,11:22:00,180,Fog,Morning
24,6,11:08:00,11:48:00,11:18:00,11:58:00,600,Cloudy,Morning
25,6,22:29:00,23:09:00,22:31:00,23:11:00,120,Rain,Night
26,6,22:40:00,23:20:00,22:42:00,23:22:00,120,Fog,Night
27,7,22:35:00,23:35:00,22:37:00,23:37:00,120,Fog,Night
28,8,19:09:00,19:52:00,19:14:00,19:57:00,300,Cloudy,Evening
29,8,19:21:00,20:04:00,19:25:00,20:08:00,240,Clear,Evening
30,8,19:36:00,20:19:00,19:45:00,20:28:00,540,Fog,Evening
31,8,19:42:00,20:25:00,19:43:00,20:26:00,60,Cloudy,Evening
32,8,19:53:00,20:36:00,19:59:00,20:42:00,360,Fog,Evening
33,9,06:10:00,07:00:00,06:16:00,07:06:00,360,Clear,Morning
34,9,06:30:00,07:22:00,06:36:00,07:28:00,360,Rain,Morning
35,9,06:45:00,07:38:00,06:55:00,07:48:00,600,Cloudy,Morning
36,9,07:00:00,07:55:00,07:01:00,07:56:00,60,Fog,Morning
37,9,07:12:00,08:08:00,07:14:00,08:10:00,120,Rain,Morning
38,10,06:00:00,07:05:00,06:08:00,07:13:00,480,Fog,Morning
39,10,06:15:00,07:20:00,06:21:00,07:26:00,360,Rain,Morning
40,10,06:30:00,07:35:00,06:33:00,07:38:00,180,Fog,Morning
41,10,06:45:00,07:50:00,06:55:00,08:00:00,600,Fog,Morning
42,10,07:00:00,08:05:00,07:07:00,08:12:00,420,Fog,Morning
43,11,20:05:00,20:33:00,20:13:00,20:41:00,480,Fog,Evening
44,11,20:59:00,21:27:00,21:01:00,21:29:00,120,Fog,Evening
45,11,21:32:00,22:00:00,21:39:00,22:07:00,420,Cloudy,Evening
46,12,21:30:00,22:25:00,21:39:00,22:34:00,540,Rain,Evening
47,13,05:59:00,06:14:00,06:06:00,06:21:00,420,Cloudy,Late Night
48,13,06:10:00,06:25:00,06:15:00,06:30:00,300,Fog,Morning
49,13,06:25:00,06:40:00,06:26:00,06:41:00,60,Rain,Morning
50,13,06:40:00,06:55:00,06:49:00,07:04:00,540,Rain,Morning
51,13,07:16:00,07:31:00,07:23:00,07:38:00,420,Clear,Morning
52,14,06:00:00,07:07:00,06:04:00,07:11:00,240,Rain,Morning
53,14,06:15:00,07:23:00,06:20:00,07:28:00,300,Cloudy,Morning
54,14,06:30:00,07:39:00,06:37:00,07:46:00,420,Clear,Morning
55,14,06:45:00,07:55:00,06:55:00,08:05:00,600,Fog,Morning
56,14,07:00:00,08:12:00,07:05:00,08:17:00,300,Fog,Morning
57,15,06:05:00,06:35:00,06:07:00,06:37:00,120,Rain,Morning
58,15,06:35:00,07:05:00,06:42:00,07:12:00,420,Cloudy,Morning
59,15,07:05:00,07:35:00,07:07:00,07:37:00,120,Rain,Morning
60,15,07:25:00,07:55:00,07:35:00,08:05:00,600,Cloudy,Morning
61,15,07:40:00,08:10:00,07:44:00,08:14:00,240,Cloudy,Morning
62,16,21:30:00,22:25:00,21:31:00,22:26:00,60,Rain,Evening
63,17,11:27:00,11:42:00,11:35:00,11:50:00,480,Fog,Morning
64,17,11:43:00,11:58:00,11:53:00,12:08:00,600,Cloudy,Morning
65,17,12:07:00,12:22:00,12:10:00,12:25:00,180,Rain,Afternoon
66,17,12:13:00,12:28:00,12:17:00,12:32:00,240,Fog,Afternoon
67,17,12:49:00,13:04:00,12:51:00,13:06:00,120,Cloudy,Afternoon
68,18,06:00:00,07:00:00,06:09:00,07:09:00,540,Rain,Morning
69,18,06:15:00,07:15:00,06:16:00,07:16:00,60,Fog,Morning
70,18,06:30:00,07:30:00,06:33:00,07:33:00,180,Fog,Morning
71,18,06:45:00,07:45:00,06:52:00,07:52:00,420,Clear,Morning
72,18,07:00:00,08:05:00,07:08:00,08:13:00,480,Rain,Morning
73,19,22:32:00,23:27:00,22:39:00,23:34:00,420,Fog,Night
74,20,06:05:00,06:55:00,06:08:00,06:58:00,180,Rain,Morning
75,20,06:20:00,07:12:00,06:21:00,07:13:00,60,Fog,Morning
76,20,06:35:00,07:27:00,06:41:00,07:33:00,360,Fog,Morning
77,20,06:50:00,07:44:00,06:59:00,07:53:00,540,Fog,Morning
78,20,07:05:00,08:00:00,07:15:00,08:10:00,600,Fog,Morning
79,21,19:00:00,20:35:00,19:09:00,20:44:00,540,Rain,Evening
80,21,19:12:00,20:46:00,19:19:00,20:53:00,420,Rain,Evening
81,21,21:12:00,22:40:00,21:22:00,22:50:00,600,Fog,Evening
82,21,21:24:00,22:50:00,21:32:00,22:58:00,480,Cloudy,Evening
83,21,21:36:00,23:00:00,21:39:00,23:03:00,180,Clear,Evening
84,22,06:03:00,06:18:00,06:04:00,06:19:00,60,Cloudy,Morning
85,22,06:18:00,06:33:00,06:27:00,06:42:00,540,Fog,Morning
86,22,06:33:00,06:48:00,06:36:00,06:51:00,180,Clear,Morning
87,22,07:49:00,08:04:00,07:57:00,08:12:00,480,Rain,Morning
88,22,08:06:00,08:21:00,08:16:00,08:31:00,600,Cloudy,Morning
89,23,19:49:00,20:07:00,19:55:00,20:13:00,360,Clear,Evening
90,23,20:14:00,20:32:00,20:16:00,20:34:00,120,Cloudy,Evening
91,23,20:38:00,20:56:00,20:44:00,21:02:00,360,Rain,Evening
92,23,20:44:00,21:02:00,20:48:00,21:06:00,240,Clear,Evening
93,23,20:53:00,21:11:00,20:59:00,21:17:00,360,Fog,Evening
94,24,06:07:00,06:52:00,06:14:00,06:59:00,420,Fog,Morning
95,24,07:19:00,08:08:00,07:27:00,08:16:00,480,Rain,Morning
96,24,07:31:00,08:23:00,07:41:00,08:33:00,600,Cloudy,Morning
97,24,07:41:00,08:36:00,07:43:00,08:38:00,120,Clear,Morning
98,24,08:01:00,09:01:00,08:03:00,09:03:00,120,Clear,Morning
99,25,06:02:00,07:07:00,06:11:00,07:16:00,540,Clear,Morning
100,25,06:17:00,07:22:00,06:18:00,07:23:00,60,Fog,Morning
101,25,06:32:00,07:37:00,06:36:00,07:41:00,240,Rain,Morning
102,25,06:46:00,07:52:00,06:48:00,07:54:00,120,Fog,Morning
103,25,07:31:00,08:48:00,07:38:00,08:55:00,420,Clear,Morning
104,26,06:05:00,07:13:00,06:07:00,07:15:00,120,Clear,Morning
105,26,06:35:00,07:43:00,06:41:00,07:49:00,360,Clear,Morning
106,26,07:02:00,08:10:00,07:04:00,08:12:00,120,Cloudy,Morning
107,26,07:26:00,08:34:00,07:32:00,08:40:00,360,Rain,Morning
108,26,07:50:00,08:58:00,07:56:00,09:04:00,360,Rain,Morning
109,27,06:20:00,07:05:00,06:22:00,07:07:00,120,Rain,Morning
110,27,06:50:00,07:35:00,06:58:00,07:43:00,480,Rain,Morning
111,27,07:14:00,07:59:00,07:18:00,08:03:00,240,Clear,Morning
112,27,07:38:00,08:23:00,07:47:00,08:32:00,540,Fog,Morning
113,27,08:00:00,08:55:00,08:01:00,08:56:00,60,Cloudy,Morning
114,28,16:21:00,16:56:00,16:25:00,17:00:00,240,Rain,Afternoon
115,29,06:00:00,06:28:00,06:09:00,06:37:00,540,Fog,Morning
116,29,06:21:00,06:49:00,06:28:00,06:56:00,420,Cloudy,Morning
117,29,07:04:00,07:32:00,07:08:00,07:36:00,240,Cloudy,Morning
118,29,07:34:00,08:02:00,07:37:00,08:05:00,180,Cloudy,Morning
119,29,08:21:00,08:49:00,08:27:00,08:55:00,360,Rain,Morning
120,30,11:55:00,12:30:00,11:56:00,12:31:00,60,Clear,Morning
121,30,12:18:00,12:53:00,12:22:00,12:57:00,240,Cloudy,Afternoon
122,30,12:42:00,13:17:00,12:47:00,13:22:00,300,Cloudy,Afternoon
123,30,14:26:00,15:01:00,14:29:00,15:04:00,180,Clear,Afternoon
124,30,22:48:00,23:23:00,22:58:00,23:33:00,600,Cloudy,Night
125,31,06:00:00,07:08:00,06:01:00,07:09:00,60,Fog,Morning
126,31,06:30:00,07:38:00,06:34:00,07:42:00,240,Fog,Morning
127,31,06:54:00,08:02:00,06:55:00,08:03:00,60,Cloudy,Morning
128,31,07:19:00,08:27:00,07:21:00,08:29:00,120,Rain,Morning
129,31,07:37:00,08:55:00,07:47:00,09:05:00,600,Fog,Morning
130,32,06:00:00,06:45:00,06:05:00,06:50:00,300,Fog,Morning
131,32,06:40:00,07:25:00,06:44:00,07:29:00,240,Cloudy,Morning
132,32,07:05:00,07:50:00,07:13:00,07:58:00,480,Clear,Morning
133,32,07:29:00,08:14:00,07:30:00,08:15:00,60,Fog,Morning
134,32,07:52:00,08:37:00,08:00:00,08:45:00,480,Rain,Morning
135,33,06:00:00,07:10:00,06:07:00,07:17:00,420,Clear,Morning
136,33,06:12:00,07:22:00,06:20:00,07:30:00,480,Rain,Morning
137,33,06:24:00,07:35:00,06:26:00,07:37:00,120,Clear,Morning
138,33,06:36:00,07:47:00,06:43:00,07:54:00,420,Rain,Morning
139,33,06:48:00,07:59:00,06:56:00,08:07:00,480,Clear,Morning
140,34,16:24:00,17:00:00,16:30:00,17:06:00,360,Fog,Afternoon
141,34,16:58:00,17:34:00,17:04:00,17:40:00,360,Fog,Afternoon
142,35,06:00:00,06:12:00,06:10:00,06:22:00,600,Rain,Morning
143,35,06:28:00,06:40:00,06:38:00,06:50:00,600,Rain,Morning
144,35,09:28:00,09:40:00,09:34:00,09:46:00,360,Fog,Morning
145,36,06:18:00,06:53:00,06:21:00,06:56:00,180,Fog,Morning
146,36,07:01:00,07:36:00,07:10:00,07:45:00,540,Cloudy,Morning
147,36,08:05:00,08:40:00,08:14:00,08:49:00,540,Rain,Morning
148,36,15:20:00,15:55:00,15:23:00,15:58:00,180,Cloudy,Afternoon
149,36,16:49:00,17:24:00,16:56:00,17:31:00,420,Clear,Afternoon
150,37,06:00:00,06:25:00,06:09:00,06:34:00,540,Fog,Morning
151,37,06:13:00,06:38:00,06:18:00,06:43:00,300,Fog,Morning
152,37,06:25:00,06:50:00,06:32:00,06:57:00,420,Cloudy,Morning
153,37,06:32:00,06:57:00,06:42:00,07:07:00,600,Fog,Morning
154,37,06:48:00,07:13:00,06:49:00,07:14:00,60,Clear,Morning
155,38,06:15:00,06:55:00,06:17:00,06:57:00,120,Rain,Morning
156,38,06:45:00,07:25:00,06:46:00,07:26:00,60,Cloudy,Morning
157,38,07:00:00,07:42:00,07:04:00,07:46:00,240,Clear,Morning
158,38,07:12:00,07:54:00,07:20:00,08:02:00,480,Rain,Morning
159,38,07:24:00,08:06:00,07:33:00,08:15:00,540,Rain,Morning
160,39,11:53:00,12:23:00,11:55:00,12:25:00,120,Cloudy,Morning
161,39,12:39:00,13:09:00,12:46:00,13:16:00,420,Rain,Afternoon
162,39,14:08:00,14:38:00,14:12:00,14:42:00,240,Cloudy,Afternoon
163,39,21:29:00,22:04:00,21:33:00,22:08:00,240,Clear,Evening
164,39,22:41:00,23:16:00,22:50:00,23:25:00,540,Fog,Night
165,40,17:15:00,17:40:00,17:22:00,17:47:00,420,Rain,Afternoon
166,40,17:55:00,18:20:00,18:02:00,18:27:00,420,Fog,Afternoon
167,40,18:16:00,18:41:00,18:20:00,18:45:00,240,Rain,Evening
168,40,18:26:00,18:51:00,18:36:00,19:01:00,600,Fog,Evening
169,40,18:36:00,19:01:00,18:37:00,19:02:00,60,Rain,Evening
170,41,19:56:00,20:14:00,19:57:00,20:15:00,60,Clear,Evening
171,42,10:34:00,11:09:00,10:40:00,11:15:00,360,Fog,Morning
172,42,22:07:00,22:42:00,22:13:00,22:48:00,360,Cloudy,Night
173,42,22:37:00,23:12:00,22:38:00,23:13:00,60,Clear,Night
174,43,07:19:00,07:32:00,07:28:00,07:41:00,540,Fog,Morning
175,43,08:11:00,08:24:00,08:17:00,08:30:00,360,Cloudy,Morning
176,43,08:40:00,08:53:00,08:50:00,09:03:00,600,Cloudy,Morning
177,43,09:49:00,10:02:00,09:52:00,10:05:00,180,Cloudy,Morning
178,43,12:36:00,12:49:00,12:45:00,12:58:00,540,Fog,Afternoon
179,44,10:27:00,10:46:00,10:33:00,10:52:00,360,Rain,Morning
180,44,10:43:00,11:02:00,10:44:00,11:03:00,60,Fog,Morning
181,44,11:37:00,11:56:00,11:38:00,11:57:00,60,Cloudy,Morning
182,44,12:53:00,13:12:00,12:58:00,13:17:00,300,Fog,Afternoon
183,44,13:34:00,13:53:00,13:39:00,13:58:00,300,Rain,Afternoon
184,45,06:00:00,06:19:00,06:02:00,06:21:00,120,Clear,Morning
185,45,06:55:00,07:14:00,06:57:00,07:16:00,120,Cloudy,Morning
186,45,07:27:00,07:46:00,07:37:00,07:56:00,600,Clear,Morning
187,45,08:30:00,08:49:00,08:35:00,08:54:00,300,Clear,Morning
188,45,12:50:00,13:09:00,12:57:00,13:16:00,420,Rain,Afternoon
189,46,10:27:00,10:42:00,10:32:00,10:47:00,300,Rain,Morning
190,46,12:08:00,12:23:00,12:10:00,12:25:00,120,Cloudy,Afternoon
191,46,13:14:00,13:29:00,13:19:00,13:34:00,300,Rain,Afternoon
192,46,13:54:00,14:09:00,14:02:00,14:17:00,480,Fog,Afternoon
193,46,15:15:00,15:30:00,15:23:00,15:38:00,480,Clear,Afternoon
194,47,06:00:00,06:30:00,06:04:00,06:34:00,240,Clear,Morning
195,47,06:25:00,06:55:00,06:34:00,07:04:00,540,Clear,Morning
196,47,06:50:00,07:20:00,06:54:00,07:24:00,240,Cloudy,Morning
197,47,07:15:00,07:45:00,07:20:00,07:50:00,300,Fog,Morning
198,47,07:30:00,08:00:00,07:35:00,08:05:00,300,Cloudy,Morning
199,48,11:59:00,12:22:00,12:09:00,12:32:00,600,Fog,Morning
200,48,12:11:00,12:34:00,12:13:00,12:36:00,120,Fog,Afternoon
201,48,12:35:00,12:58:00,12:37:00,13:00:00,120,Clear,Afternoon
202,48,12:48:00,13:11:00,12:55:00,13:18:00,420,Cloudy,Afternoon
203,48,13:01:00,13:24:00,13:04:00,13:27:00,180,Rain,Afternoon
204,49,06:00:00,06:30:00,06:04:00,06:34:00,240,Clear,Morning
205,49,06:15:00,06:45:00,06:16:00,06:46:00,60,Clear,Morning
206,49,06:30:00,07:00:00,06:39:00,07:09:00,540,Clear,Morning
207,49,06:45:00,07:15:00,06:49:00,07:19:00,240,Fog,Morning
208,49,07:00:00,07:30:00,07:03:00,07:33:00,180,Clear,Morning
209,50,06:31:00,07:11:00,06:33:00,07:13:00,120,Cloudy,Morning
210,50,06:46:00,07:26:00,06:48:00,07:28:00,120,Clear,Morning
211,50,07:01:00,07:41:00,07:05:00,07:45:00,240,Cloudy,Morning
212,50,07:16:00,07:56:00,07:26:00,08:06:00,600,Fog,Morning
213,50,07:31:00,08:11:00,07:32:00,08:12:00,60,Clear,Morning
214,51,06:08:00,06:30:00,06:12:00,06:34:00,240,Fog,Morning
215,52,07:10:00,07:40:00,07:17:00,07:47:00,420,Fog,Morning
216,52,08:12:00,08:42:00,08:14:00,08:44:00,120,Rain,Morning
217,52,08:44:00,09:14:00,08:46:00,09:16:00,120,Fog,Morning
218,53,06:00:00,07:00:00,06:09:00,07:09:00,540,Clear,Morning
219,53,06:15:00,07:15:00,06:17:00,07:17:00,120,Clear,Morning
220,53,06:30:00,07:30:00,06:36:00,07:36:00,360,Fog,Morning
221,53,06:42:00,07:42:00,06:49:00,07:49:00,420,Clear,Morning
222,53,06:54:00,07:54:00,06:55:00,07:55:00,60,Fog,Morning
223,54,21:38:00,21:59:00,21:41:00,22:02:00,180,Cloudy,Evening
224,54,22:08:00,22:29:00,22:17:00,22:38:00,540,Fog,Night
225,54,22:20:00,22:41:00,22:21:00,22:42:00,60,Fog,Night
226,54,22:31:00,22:52:00,22:33:00,22:54:00,120,Rain,Night
227,55,06:05:00,06:35:00,06:11:00,06:41:00,360,Clear,Morning
228,55,06:20:00,06:50:00,06:22:00,06:52:00,120,Clear,Morning
229,55,06:35:00,07:05:00,06:42:00,07:12:00,420,Cloudy,Morning
230,55,06:50:00,07:20:00,06:56:00,07:26:00,360,Clear,Morning
231,55,07:05:00,07:35:00,07:12:00,07:42:00,420,Clear,Morning
232,56,06:05:00,06:45:00,06:09:00,06:49:00,240,Cloudy,Morning
233,56,06:20:00,07:00:00,06:23:00,07:03:00,180,Clear,Morning
234,56,06:35:00,07:15:00,06:39:00,07:19:00,240,Rain,Morning
235,56,06:50:00,07:30:00,06:55:00,07:35:00,300,Clear,Morning
236,56,07:02:00,07:42:00,07:04:00,07:44:00,120,Fog,Morning
237,57,06:00:00,07:08:00,06:04:00,07:12:00,240,Fog,Morning
238,57,06:12:00,07:20:00,06:18:00,07:26:00,360,Rain,Morning
239,57,06:24:00,07:32:00,06:34:00,07:42:00,600,Cloudy,Morning
240,57,06:36:00,07:44:00,06:44:00,07:52:00,480,Cloudy,Morning
241,57,06:56:00,08:04:00,07:02:00,08:10:00,360,Fog,Morning
242,58,14:28:00,14:48:00,14:32:00,14:52:00,240,Rain,Afternoon
243,58,14:39:00,14:59:00,14:43:00,15:03:00,240,Cloudy,Afternoon
244,58,15:03:00,15:23:00,15:10:00,15:30:00,420,Fog,Afternoon
245,58,15:13:00,15:33:00,15:21:00,15:41:00,480,Fog,Afternoon
246,58,15:28:00,15:48:00,15:36:00,15:56:00,480,Rain,Afternoon
247,59,06:00:00,06:20:00,06:04:00,06:24:00,240,Fog,Morning
248,59,06:12:00,06:32:00,06:22:00,06:42:00,600,Cloudy,Morning
249,59,06:24:00,06:44:00,06:32:00,06:52:00,480,Clear,Morning
250,59,06:36:00,06:56:00,06:43:00,07:03:00,420,Clear,Morning
251,59,06:48:00,07:08:00,06:49:00,07:09:00,60,Clear,Morning
252,60,05:51:00,06:21:00,05:52:00,06:22:00,60,Rain,Late Night
253,60,06:04:00,06:34:00,06:07:00,06:37:00,180,Fog,Morning
254,60,06:23:00,06:53:00,06:31:00,07:01:00,480,Fog,Morning
255,60,06:31:00,07:01:00,06:34:00,07:04:00,180,Rain,Morning
256,60,06:39:00,07:09:00,06:41:00,07:11:00,120,Cloudy,Morning
257,61,12:02:00,12:22:00,12:12:00,12:32:00,600,Fog,Afternoon
258,61,12:21:00,12:41:00,12:30:00,12:50:00,540,Fog,Afternoon
259,61,12:45:00,13:05:00,12:47:00,13:07:00,120,Clear,Afternoon
260,61,13:01:00,13:21:00,13:07:00,13:27:00,360,Clear,Afternoon
261,61,13:25:00,13:45:00,13:33:00,13:53:00,480,Rain,Afternoon
262,62,12:18:00,12:38:00,12:24:00,12:44:00,360,Fog,Afternoon
263,62,12:31:00,12:51:00,12:33:00,12:53:00,120,Cloudy,Afternoon
264,62,13:00:00,13:20:00,13:06:00,13:26:00,360,Cloudy,Afternoon
265,62,13:08:00,13:28:00,13:14:00,13:34:00,360,Rain,Afternoon
266,62,13:31:00,13:51:00,13:39:00,13:59:00,480,Clear,Afternoon
267,63,06:00:00,06:56:00,06:03:00,06:59:00,180,Cloudy,Morning
268,63,06:12:00,07:10:00,06:18:00,07:16:00,360,Cloudy,Morning
269,63,06:23:00,07:23:00,06:30:00,07:30:00,420,Fog,Morning
270,63,06:33:00,07:35:00,06:41:00,07:43:00,480,Cloudy,Morning
271,63,06:43:00,07:47:00,06:50:00,07:54:00,420,Clear,Morning
272,64,20:04:00,21:40:00,20:13:00,21:49:00,540,Clear,Evening
273,64,20:12:00,21:48:00,20:16:00,21:52:00,240,Fog,Evening
274,64,21:24:00,22:53:00,21:33:00,23:02:00,540,Clear,Evening
275,64,21:36:00,23:03:00,21:38:00,23:05:00,120,Fog,Evening
276,64,22:00:00,23:25:00,22:04:00,23:29:00,240,Rain,Night
277,65,06:58:00,07:59:00,07:02:00,08:03:00,240,Clear,Morning
278,65,07:22:00,08:28:00,07:28:00,08:34:00,360,Clear,Morning
279,65,07:38:00,08:48:00,07:44:00,08:54:00,360,Clear,Morning
280,65,07:54:00,09:07:00,08:02:00,09:15:00,480,Cloudy,Morning
281,65,08:00:00,09:15:00,08:05:00,09:20:00,300,Clear,Morning
282,66,06:00:00,07:08:00,06:01:00,07:09:00,60,Rain,Morning
283,66,06:12:00,07:20:00,06:20:00,07:28:00,480,Fog,Morning
284,66,06:24:00,07:32:00,06:32:00,07:40:00,480,Cloudy,Morning
285,66,06:36:00,07:44:00,06:43:00,07:51:00,420,Fog,Morning
286,66,06:48:00,07:56:00,06:49:00,07:57:00,60,Cloudy,Morning
287,67,18:06:00,19:06:00,18:15:00,19:15:00,540,Clear,Evening
288,67,18:40:00,19:40:00,18:48:00,19:48:00,480,Cloudy,Evening
289,68,06:03:00,07:18:00,06:05:00,07:20:00,120,Fog,Morning
290,68,06:18:00,07:33:00,06:26:00,07:41:00,480,Cloudy,Morning
291,68,06:33:00,07:48:00,06:41:00,07:56:00,480,Rain,Morning
292,68,06:48:00,08:03:00,06:50:00,08:05:00,120,Fog,Morning
293,68,07:00:00,08:15:00,07:02:00,08:17:00,120,Cloudy,Morning
294,69,06:03:00,06:18:00,06:04:00,06:19:00,60,Fog,Morning
295,69,06:18:00,06:33:00,06:23:00,06:38:00,300,Clear,Morning
296,69,06:33:00,06:48:00,06:43:00,06:58:00,600,Clear,Morning
297,69,07:49:00,08:04:00,07:51:00,08:06:00,120,Clear,Morning
298,69,08:06:00,08:21:00,08:16:00,08:31:00,600,Rain,Morning
299,70,17:34:00,18:04:00,17:35:00,18:05:00,60,Fog,Afternoon
300,70,18:05:00,18:35:00,18:06:00,18:36:00,60,Fog,Evening
301,71,18:14:00,19:19:00,18:16:00,19:21:00,120,Rain,Evening
302,72,06:00:00,06:23:00,06:10:00,06:33:00,600,Fog,Morning
303,72,06:15:00,06:38:00,06:20:00,06:43:00,300,Fog,Morning
304,72,06:27:00,06:50:00,06:35:00,06:58:00,480,Fog,Morning
305,72,06:37:00,07:00:00,06:39:00,07:02:00,120,Clear,Morning
306,72,06:47:00,07:10:00,06:50:00,07:13:00,180,Cloudy,Morning
307,73,13:44:00,14:54:00,13:48:00,14:58:00,240,Clear,Afternoon
308,73,14:54:00,16:04:00,14:58:00,16:08:00,240,Cloudy,Afternoon
309,73,22:23:00,23:33:00,22:24:00,23:34:00,60,Cloudy,Night
310,73,22:37:00,23:47:00,22:45:00,23:55:00,480,Clear,Night
311,74,19:49:00,20:07:00,19:52:00,20:10:00,180,Clear,Evening
312,74,20:14:00,20:32:00,20:22:00,20:40:00,480,Fog,Evening
313,74,20:38:00,20:56:00,20:40:00,20:58:00,120,Fog,Evening
314,74,20:44:00,21:02:00,20:48:00,21:06:00,240,Rain,Evening
315,74,20:53:00,21:11:00,21:02:00,21:20:00,540,Cloudy,Evening
316,75,07:15:00,07:30:00,07:17:00,07:32:00,120,Rain,Morning
317,75,07:34:00,07:49:00,07:37:00,07:52:00,180,Fog,Morning
318,75,07:55:00,08:10:00,08:05:00,08:20:00,600,Fog,Morning
319,76,22:32:00,23:27:00,22:40:00,23:35:00,480,Rain,Night
320,77,21:37:00,22:17:00,21:41:00,22:21:00,240,Cloudy,Evening
321,77,22:19:00,22:59:00,22:27:00,23:07:00,480,Fog,Night
322,77,22:39:00,23:19:00,22:49:00,23:29:00,600,Clear,Night
323,78,06:00:00,06:50:00,06:08:00,06:58:00,480,Fog,Morning
324,78,06:15:00,07:08:00,06:24:00,07:17:00,540,Rain,Morning
325,78,07:06:00,08:09:00,07:13:00,08:16:00,420,Cloudy,Morning
326,78,07:26:00,08:29:00,07:34:00,08:37:00,480,Fog,Morning
327,78,07:36:00,08:40:00,07:44:00,08:48:00,480,Clear,Morning
328,79,09:42:00,10:55:00,09:46:00,10:59:00,240,Cloudy,Morning
329,79,10:18:00,11:30:00,10:25:00,11:37:00,420,Clear,Morning
330,79,10:34:00,11:46:00,10:40:00,11:52:00,360,Fog,Morning
331,79,11:16:00,12:28:00,11:21:00,12:33:00,300,Fog,Morning
332,79,12:28:00,13:40:00,12:31:00,13:43:00,180,Fog,Afternoon
333,80,06:00:00,07:11:00,06:08:00,07:19:00,480,Fog,Morning
334,80,06:15:00,07:26:00,06:18:00,07:29:00,180,Fog,Morning
335,80,06:30:00,07:42:00,06:33:00,07:45:00,180,Rain,Morning
336,80,07:00:00,08:13:00,07:07:00,08:20:00,420,Clear,Morning
337,80,07:27:00,08:41:00,07:37:00,08:51:00,600,Fog,Morning
338,81,07:10:00,07:57:00,07:14:00,08:01:00,240,Cloudy,Morning
339,81,07:40:00,08:29:00,07:49:00,08:38:00,540,Rain,Morning
340,81,08:14:00,09:05:00,08:17:00,09:08:00,180,Fog,Morning
341,81,08:34:00,09:26:00,08:43:00,09:35:00,540,Clear,Morning
342,81,08:50:00,09:44:00,08:53:00,09:47:00,180,Clear,Morning
343,82,06:00:00,06:20:00,06:06:00,06:26:00,360,Cloudy,Morning
344,82,06:29:00,06:49:00,06:38:00,06:58:00,540,Rain,Morning
345,82,15:15:00,15:35:00,15:21:00,15:41:00,360,Rain,Afternoon
346,82,16:20:00,16:40:00,16:25:00,16:45:00,300,Fog,Afternoon
347,83,12:24:00,12:44:00,12:32:00,12:52:00,480,Cloudy,Afternoon
348,83,12:54:00,13:14:00,13:02:00,13:22:00,480,Clear,Afternoon
349,84,11:14:00,12:38:00,11:17:00,12:41:00,180,Rain,Morning
350,84,11:38:00,13:02:00,11:46:00,13:10:00,480,Clear,Morning
351,84,12:05:00,13:28:00,12:12:00,13:35:00,420,Rain,Afternoon
352,84,12:50:00,14:13:00,12:57:00,14:20:00,420,Rain,Afternoon
353,84,13:20:00,14:44:00,13:23:00,14:47:00,180,Cloudy,Afternoon
354,85,06:20:00,07:05:00,06:28:00,07:13:00,480,Clear,Morning
355,85,06:50:00,07:37:00,06:53:00,07:40:00,180,Fog,Morning
356,85,07:20:00,08:08:00,07:27:00,08:15:00,420,Rain,Morning
357,85,07:40:00,08:29:00,07:49:00,08:38:00,540,Fog,Morning
358,85,07:55:00,08:44:00,08:00:00,08:49:00,300,Cloudy,Morning
359,86,06:15:00,06:50:00,06:16:00,06:51:00,60,Rain,Morning
360,86,07:42:00,08:17:00,07:49:00,08:24:00,420,Fog,Morning
361,86,07:54:00,08:29:00,07:58:00,08:33:00,240,Rain,Morning
362,86,08:18:00,08:53:00,08:27:00,09:02:00,540,Fog,Morning
363,86,08:28:00,09:03:00,08:36:00,09:11:00,480,Rain,Morning
364,87,06:00:00,06:50:00,06:06:00,06:56:00,360,Fog,Morning
365,87,06:30:00,07:20:00,06:36:00,07:26:00,360,Clear,Morning
366,87,07:00:00,07:55:00,07:10:00,08:05:00,600,Rain,Morning
367,87,07:30:00,08:25:00,07:37:00,08:32:00,420,Clear,Morning
368,87,08:06:00,09:01:00,08:07:00,09:02:00,60,Rain,Morning
369,88,06:00:00,06:24:00,06:08:00,06:32:00,480,Cloudy,Morning
370,88,07:08:00,07:32:00,07:16:00,07:40:00,480,Rain,Morning
371,88,07:25:00,07:49:00,07:29:00,07:53:00,240,Cloudy,Morning
372,88,07:38:00,08:02:00,07:40:00,08:04:00,120,Rain,Morning
373,88,12:51:00,13:15:00,12:54:00,13:18:00,180,Rain,Afternoon
374,89,06:00:00,06:25:00,06:10:00,06:35:00,600,Rain,Morning
375,90,07:17:00,07:27:00,07:24:00,07:34:00,420,Clear,Morning
376,90,07:47:00,07:57:00,07:53:00,08:03:00,360,Clear,Morning
377,90,08:01:00,08:11:00,08:11:00,08:21:00,600,Clear,Morning
378,90,08:37:00,08:47:00,08:40:00,08:50:00,180,Rain,Morning
379,90,09:09:00,09:19:00,09:17:00,09:27:00,480,Cloudy,Morning
380,91,22:25:00,22:55:00,22:34:00,23:04:00,540,Fog,Night
381,92,10:56:00,11:20:00,11:04:00,11:28:00,480,Rain,Morning
382,92,11:44:00,12:08:00,11:48:00,12:12:00,240,Cloudy,Morning
383,92,12:57:00,13:21:00,13:05:00,13:29:00,480,Rain,Afternoon
384,92,13:12:00,13:36:00,13:15:00,13:39:00,180,Clear,Afternoon
385,92,14:33:00,14:57:00,14:38:00,15:02:00,300,Fog,Afternoon
386,93,12:22:00,12:32:00,12:23:00,12:33:00,60,Rain,Afternoon
387,93,14:20:00,14:30:00,14:24:00,14:34:00,240,Rain,Afternoon
388,93,14:37:00,14:47:00,14:45:00,14:55:00,480,Fog,Afternoon
389,93,19:15:00,19:25:00,19:16:00,19:26:00,60,Clear,Evening
390,93,19:48:00,19:58:00,19:57:00,20:07:00,540,Rain,Evening
391,94,07:05:00,07:40:00,07:10:00,07:45:00,300,Clear,Morning
392,94,07:35:00,08:10:00,07:44:00,08:19:00,540,Cloudy,Morning
393,94,08:02:00,08:37:00,08:11:00,08:46:00,540,Fog,Morning
394,94,08:14:00,08:49:00,08:21:00,08:56:00,420,Fog,Morning
395,94,08:36:00,09:11:00,08:41:00,09:16:00,300,Fog,Morning
396,95,06:00:00,06:50:00,06:07:00,06:57:00,420,Fog,Morning
397,95,06:30:00,07:20:00,06:38:00,07:28:00,480,Rain,Morning
398,95,07:00:00,07:55:00,07:03:00,07:58:00,180,Fog,Morning
399,95,07:30:00,08:25:00,07:33:00,08:28:00,180,Clear,Morning
400,95,08:06:00,09:01:00,08:11:00,09:06:00,300,Fog,Morning
401,96,06:20:00,06:45:00,06:25:00,06:50:00,300,Cloudy,Morning
402,96,06:32:00,06:57:00,06:34:00,06:59:00,120,Cloudy,Morning
403,96,06:44:00,07:09:00,06:50:00,07:15:00,360,Cloudy,Morning
404,96,06:56:00,07:21:00,06:58:00,07:23:00,120,Rain,Morning
405,96,07:06:00,07:31:00,07:09:00,07:34:00,180,Rain,Morning
406,97,06:01:00,06:16:00,06:03:00,06:18:00,120,Fog,Morning
407,97,06:14:00,06:29:00,06:23:00,06:38:00,540,Fog,Morning
408,97,06:36:00,06:51:00,06:40:00,06:55:00,240,Fog,Morning
409,97,06:49:00,07:04:00,06:52:00,07:07:00,180,Fog,Morning
410,97,07:30:00,07:45:00,07:33:00,07:48:00,180,Clear,Morning
411,98,06:00:00,06:20:00,06:08:00,06:28:00,480,Clear,Morning
412,98,06:29:00,06:49:00,06:33:00,06:53:00,240,Cloudy,Morning
413,98,15:15:00,15:35:00,15:23:00,15:43:00,480,Cloudy,Afternoon
414,98,16:20:00,16:40:00,16:26:00,16:46:00,360,Fog,Afternoon
415,99,12:20:00,12:37:00,12:28:00,12:45:00,480,Fog,Afternoon
416,99,12:50:00,13:07:00,12:51:00,13:08:00,60,Fog,Afternoon
417,99,13:20:00,13:37:00,13:21:00,13:38:00,60,Fog,Afternoon
418,99,13:40:00,13:57:00,13:43:00,14:00:00,180,Rain,Afternoon
419,99,15:09:00,15:26:00,15:10:00,15:27:00,60,Fog,Afternoon
420,100,06:20:00,06:40:00,06:29:00,06:49:00,540,Cloudy,Morning
421,100,06:40:00,07:00:00,06:42:00,07:02:00,120,Clear,Morning
422,100,06:55:00,07:15:00,06:57:00,07:17:00,120,Cloudy,Morning
423,100,07:07:00,07:27:00,07:12:00,07:32:00,300,Cloudy,Morning
424,100,07:19:00,07:39:00,07:21:00,07:41:00,120,Fog,Morning
425,101,06:25:00,07:00:00,06:33:00,07:08:00,480,Cloudy,Morning
426,101,06:45:00,07:20:00,06:55:00,07:30:00,600,Fog,Morning
427,101,07:00:00,07:35:00,07:01:00,07:36:00,60,Cloudy,Morning
428,101,07:30:00,08:05:00,07:36:00,08:11:00,360,Rain,Morning
429,101,07:42:00,08:17:00,07:47:00,08:22:00,300,Cloudy,Morning
430,102,06:01:00,06:16:00,06:09:00,06:24:00,480,Clear,Morning
431,102,06:14:00,06:29:00,06:19:00,06:34:00,300,Cloudy,Morning
432,102,06:36:00,06:51:00,06:39:00,06:54:00,180,Cloudy,Morning
433,102,06:49:00,07:04:00,06:52:00,07:07:00,180,Fog,Morning
434,102,07:30:00,07:45:00,07:36:00,07:51:00,360,Fog,Morning
435,103,06:00:00,06:45:00,06:09:00,06:54:00,540,Fog,Morning
436,103,06:08:00,06:53:00,06:11:00,06:56:00,180,Fog,Morning
437,103,06:26:00,07:11:00,06:34:00,07:19:00,480,Fog,Morning
438,103,07:00:00,07:45:00,07:09:00,07:54:00,540,Rain,Morning
439,103,07:11:00,07:56:00,07:18:00,08:03:00,420,Clear,Morning
440,104,12:20:00,12:37:00,12:21:00,12:38:00,60,Rain,Afternoon
441,104,12:50:00,13:07:00,12:52:00,13:09:00,120,Cloudy,Afternoon
442,104,13:20:00,13:37:00,13:23:00,13:40:00,180,Cloudy,Afternoon
443,104,13:40:00,13:57:00,13:41:00,13:58:00,60,Fog,Afternoon
444,104,15:09:00,15:26:00,15:11:00,15:28:00,120,Rain,Afternoon
445,105,12:30:00,13:30:00,12:32:00,13:32:00,120,Clear,Afternoon
446,105,12:54:00,13:54:00,13:02:00,14:02:00,480,Rain,Afternoon
447,105,15:26:00,16:26:00,15:32:00,16:32:00,360,Fog,Afternoon
448,105,20:51:00,21:51:00,20:59:00,21:59:00,480,Clear,Evening
449,105,21:17:00,22:17:00,21:18:00,22:18:00,60,Rain,Evening
